[
  {
    "name": "org.apache.activemq.ActiveMQConnectionFactory",
    "condition": {
      "typeReachable": "org.apache.activemq.ActiveMQConnectionFactory"
    },
    "queryAllPublicMethods": true,
    "methods": [
      {
        "name": "setAlwaysSessionAsync",
        "parameterTypes": [
          "boolean"
        ]
      },
      {
        "name": "setAlwaysSyncSend",
        "parameterTypes": [
          "boolean"
        ]
      },
      {
        "name": "setAuditDepth",
        "parameterTypes": [
          "int"
        ]
      },
      {
        "name": "setAuditMaximumProducerNumber",
        "parameterTypes": [
          "int"
        ]
      },
      {
        "name": "setCheckForDuplicates",
        "parameterTypes": [
          "boolean"
        ]
      },
      {
        "name": "setClientID",
        "parameterTypes": [
          "java.lang.String"
        ]
      },
      {
        "name": "setCloseTimeout",
        "parameterTypes": [
          "int"
        ]
      },
      {
        "name": "setConsumerExpiryCheckEnabled",
        "parameterTypes": [
          "boolean"
        ]
      },
      {
        "name": "setCopyMessageOnSend",
        "parameterTypes": [
          "boolean"
        ]
      },
      {
        "name": "setDisableTimeStampsByDefault",
        "parameterTypes": [
          "boolean"
        ]
      },
      {
        "name": "setDispatchAsync",
        "parameterTypes": [
          "boolean"
        ]
      },
      {
        "name": "setNestedMapAndListEnabled",
        "parameterTypes": [
          "boolean"
        ]
      },
      {
        "name": "setNonBlockingRedelivery",
        "parameterTypes": [
          "boolean"
        ]
      },
      {
        "name": "setObjectMessageSerializationDefered",
        "parameterTypes": [
          "boolean"
        ]
      },
      {
        "name": "setOptimizeAcknowledge",
        "parameterTypes": [
          "boolean"
        ]
      },
      {
        "name": "setOptimizeAcknowledgeTimeOut",
        "parameterTypes": [
          "long"
        ]
      },
      {
        "name": "setOptimizedAckScheduledAckInterval",
        "parameterTypes": [
          "long"
        ]
      },
      {
        "name": "setOptimizedMessageDispatch",
        "parameterTypes": [
          "boolean"
        ]
      },
      {
        "name": "setUseAsyncSend",
        "parameterTypes": [
          "boolean"
        ]
      },
      {
        "name": "setUseCompression",
        "parameterTypes": [
          "boolean"
        ]
      },
      {
        "name": "setUseRetroactiveConsumer",
        "parameterTypes": [
          "boolean"
        ]
      },
      {
        "name": "setWarnAboutUnstartedConnectionTimeout",
        "parameterTypes": [
          "long"
        ]
      }
    ]
  },
  {
    "name": "org.apache.activemq.ActiveMQPrefetchPolicy",
    "condition": {
      "typeReachable": "org.apache.activemq.ActiveMQConnectionFactory"
    },
    "queryAllPublicMethods": true,
    "methods": [
      {
        "name": "setDurableTopicPrefetch",
        "parameterTypes": [
          "int"
        ]
      },
      {
        "name": "setMaximumPendingMessageLimit",
        "parameterTypes": [
          "int"
        ]
      },
      {
        "name": "setOptimizeDurableTopicPrefetch",
        "parameterTypes": [
          "int"
        ]
      },
      {
        "name": "setQueueBrowserPrefetch",
        "parameterTypes": [
          "int"
        ]
      },
      {
        "name": "setQueuePrefetch",
        "parameterTypes": [
          "int"
        ]
      },
      {
        "name": "setTopicPrefetch",
        "parameterTypes": [
          "int"
        ]
      }
    ]
  },
  {
    "name": "org.apache.activemq.RedeliveryPolicy",
    "condition": {
      "typeReachable": "org.apache.activemq.ActiveMQConnectionFactory"
    },
    "queryAllPublicMethods": true,
    "methods": [
      {
        "name": "setBackOffMultiplier",
        "parameterTypes": [
          "double"
        ]
      },
      {
        "name": "setCollisionAvoidancePercent",
        "parameterTypes": [
          "short"
        ]
      },
      {
        "name": "setInitialRedeliveryDelay",
        "parameterTypes": [
          "long"
        ]
      },
      {
        "name": "setMaximumRedeliveries",
        "parameterTypes": [
          "int"
        ]
      },
      {
        "name": "setMaximumRedeliveryDelay",
        "parameterTypes": [
          "long"
        ]
      },
      {
        "name": "setPreDispatchCheck",
        "parameterTypes": [
          "boolean"
        ]
      },
      {
        "name": "setRedeliveryDelay",
        "parameterTypes": [
          "long"
        ]
      },
      {
        "name": "setUseCollisionAvoidance",
        "parameterTypes": [
          "boolean"
        ]
      },
      {
        "name": "setUseExponentialBackOff",
        "parameterTypes": [
          "boolean"
        ]
      }
    ]
  },
  {
    "name": "org.apache.activemq.blob.BlobTransferPolicy",
    "condition": {
      "typeReachable": "org.apache.activemq.ActiveMQConnectionFactory"
    },
    "queryAllPublicMethods": true,
    "methods": [
      {
        "name": "setBrokerUploadUrl",
        "parameterTypes": [
          "java.lang.String"
        ]
      },
      {
        "name": "setBufferSize",
        "parameterTypes": [
          "int"
        ]
      },
      {
        "name": "setUploadUrl",
        "parameterTypes": [
          "java.lang.String"
        ]
      }
    ]
  },
  {
    "name": "org.apache.activemq.openwire.OpenWireFormatFactory",
    "condition": {
      "typeReachable": "org.apache.activemq.transport.TransportFactory"
    },
    "queryAllPublicMethods": true,
    "methods": [
      {
        "name": "<init>",
        "parameterTypes": [

        ]
      },
      {
        "name": "setCacheEnabled",
        "parameterTypes": [
          "boolean"
        ]
      },
      {
        "name": "setCacheSize",
        "parameterTypes": [
          "int"
        ]
      },
      {
        "name": "setHost",
        "parameterTypes": [
          "java.lang.String"
        ]
      },
      {
        "name": "setMaxFrameSize",
        "parameterTypes": [
          "long"
        ]
      },
      {
        "name": "setMaxFrameSizeEnabled",
        "parameterTypes": [
          "boolean"
        ]
      },
      {
        "name": "setMaxInactivityDuration",
        "parameterTypes": [
          "long"
        ]
      },
      {
        "name": "setMaxInactivityDurationInitalDelay",
        "parameterTypes": [
          "long"
        ]
      },
      {
        "name": "setSizePrefixDisabled",
        "parameterTypes": [
          "boolean"
        ]
      },
      {
        "name": "setStackTraceEnabled",
        "parameterTypes": [
          "boolean"
        ]
      },
      {
        "name": "setTcpNoDelayEnabled",
        "parameterTypes": [
          "boolean"
        ]
      },
      {
        "name": "setTightEncodingEnabled",
        "parameterTypes": [
          "boolean"
        ]
      },
      {
        "name": "setVersion",
        "parameterTypes": [
          "int"
        ]
      }
    ]
  },
  {
    "name": "org.apache.activemq.openwire.OpenWireFormatFactory",
    "queryAllPublicMethods": true,
    "condition": {
      "typeReachable": "org.apache.activemq.transport.tcp.TcpTransportFactory"
    }
  },
  {
    "name": "org.apache.activemq.openwire.v1.MarshallerFactory",
    "condition": {
      "typeReachable": "org.apache.activemq.openwire.OpenWireFormat"
    },
    "methods": [
      {
        "name": "createMarshallerMap",
        "parameterTypes": [
          "org.apache.activemq.openwire.OpenWireFormat"
        ]
      }
    ]
  },
  {
    "name": "org.apache.activemq.openwire.v1.MarshallerFactory",
    "condition": {
      "typeReachable": "org.apache.activemq.transport.TransportFactory"
    },
    "methods": [
      {
        "name": "createMarshallerMap",
        "parameterTypes": [
          "org.apache.activemq.openwire.OpenWireFormat"
        ]
      }
    ]
  },
  {
    "name": "org.apache.activemq.openwire.v10.MarshallerFactory",
    "condition": {
      "typeReachable": "org.apache.activemq.openwire.OpenWireFormat"
    },
    "methods": [
      {
        "name": "createMarshallerMap",
        "parameterTypes": [
          "org.apache.activemq.openwire.OpenWireFormat"
        ]
      }
    ]
  },
  {
    "name": "org.apache.activemq.openwire.v10.MarshallerFactory",
    "condition": {
      "typeReachable": "org.apache.activemq.transport.TransportFactory"
    },
    "methods": [
      {
        "name": "createMarshallerMap",
        "parameterTypes": [
          "org.apache.activemq.openwire.OpenWireFormat"
        ]
      }
    ]
  },
  {
    "name": "org.apache.activemq.openwire.v11.MarshallerFactory",
    "condition": {
      "typeReachable": "org.apache.activemq.openwire.OpenWireFormat"
    },
    "methods": [
      {
        "name": "createMarshallerMap",
        "parameterTypes": [
          "org.apache.activemq.openwire.OpenWireFormat"
        ]
      }
    ]
  },
  {
    "name": "org.apache.activemq.openwire.v11.MarshallerFactory",
    "condition": {
      "typeReachable": "org.apache.activemq.transport.TransportFactory"
    },
    "methods": [
      {
        "name": "createMarshallerMap",
        "parameterTypes": [
          "org.apache.activemq.openwire.OpenWireFormat"
        ]
      }
    ]
  },
  {
    "name": "org.apache.activemq.openwire.v12.MarshallerFactory",
    "condition": {
      "typeReachable": "org.apache.activemq.openwire.OpenWireFormat"
    },
    "methods": [
      {
        "name": "createMarshallerMap",
        "parameterTypes": [
          "org.apache.activemq.openwire.OpenWireFormat"
        ]
      }
    ]
  },
  {
    "name": "org.apache.activemq.openwire.v9.MarshallerFactory",
    "condition": {
      "typeReachable": "org.apache.activemq.openwire.OpenWireFormat"
    },
    "methods": [
      {
        "name": "createMarshallerMap",
        "parameterTypes": [
          "org.apache.activemq.openwire.OpenWireFormat"
        ]
      }
    ]
  },
  {
    "name": "org.apache.activemq.openwire.v9.MarshallerFactory",
    "condition": {
      "typeReachable": "org.apache.activemq.transport.TransportFactory"
    },
    "methods": [
      {
        "name": "createMarshallerMap",
        "parameterTypes": [
          "org.apache.activemq.openwire.OpenWireFormat"
        ]
      }
    ]
  },
  {
    "name": "org.apache.activemq.transport.InactivityMonitor",
    "queryAllPublicMethods": true,
    "condition": {
      "typeReachable": "org.apache.activemq.transport.tcp.TcpTransportFactory"
    }
  },
  {
    "name": "org.apache.activemq.transport.WireFormatNegotiator",
    "queryAllPublicMethods": true,
    "condition": {
      "typeReachable": "org.apache.activemq.transport.TransportFactory"
    }
  },
  {
    "name": "org.apache.activemq.transport.tcp.TcpTransport",
    "condition": {
      "typeReachable": "org.apache.activemq.transport.tcp.TcpTransportFactory"
    },
    "queryAllPublicMethods": true,
    "methods": [
      {
        "name": "setConnectionTimeout",
        "parameterTypes": [
          "int"
        ]
      },
      {
        "name": "setDynamicManagement",
        "parameterTypes": [
          "boolean"
        ]
      },
      {
        "name": "setJmxPort",
        "parameterTypes": [
          "int"
        ]
      },
      {
        "name": "setLogWriterName",
        "parameterTypes": [
          "java.lang.String"
        ]
      },
      {
        "name": "setMinmumWireFormatVersion",
        "parameterTypes": [
          "int"
        ]
      },
      {
        "name": "setSoTimeout",
        "parameterTypes": [
          "int"
        ]
      },
      {
        "name": "setSocketBufferSize",
        "parameterTypes": [
          "int"
        ]
      },
      {
        "name": "setStartLogging",
        "parameterTypes": [
          "boolean"
        ]
      },
      {
        "name": "setTrace",
        "parameterTypes": [
          "boolean"
        ]
      }
    ]
  },
  {
    "name": "org.apache.activemq.transport.tcp.TcpTransportFactory",
    "condition": {
      "typeReachable": "org.apache.activemq.transport.TransportFactory"
    },
    "methods": [
      {
        "name": "<init>",
        "parameterTypes": [

        ]
      }
    ]
  }
]
