[
  {
    "metadata-version": "4.17.0",
    "default-for": "4\\.1\\d\\..*",
    "module": "org.liquibase:liquibase-core",
    "tested-versions": [
      "4.17.0"
    ]
  },
  {
    "metadata-version": "4.20.0",
    "default-for": "4\\.2(0|1|2)\\..*",
    "module": "org.liquibase:liquibase-core",
    "tested-versions": [
      "4.20.0"
    ]
  },
  {
    "latest": true,
    "metadata-version": "4.23.0",
    "module": "org.liquibase:liquibase-core",
    "tested-versions": [
      "4.23.0"
    ]
  }
]
