[
  {
    "latest": true,
    "metadata-version": "1.4.9",
    "module": "ch.qos.logback:logback-classic",
    "tested-versions": [
      "1.4.9"
    ]
  },
  {
    "metadata-version": "1.4.1",
    "default-for": "1\\.4\\.[0-8]",
    "module": "ch.qos.logback:logback-classic",
    "tested-versions": [
      "1.4.1"
    ]
  },
  {
    "metadata-version": "1.2.11",
    "default-for": "1\\.[0-3]\\..*",
    "module": "ch.qos.logback:logback-classic",
    "tested-versions": [
      "1.2.11"
    ]
  }
]
