[
  {
    "condition": {
      "typeReachable": "io.netty.internal.tcnative.SSL"
    },
    "name": "[Ljava.lang.String;"
  },
  {
    "condition": {
      "typeReachable": "io.netty.channel.DefaultEventLoop"
    },
    "name": "[[B"
  },
  {
    "condition": {
      "typeReachable": "io.netty.channel.epoll.EpollEventLoop"
    },
    "name": "[[B"
  },
  {
    "condition": {
      "typeReachable": "io.netty.channel.local.LocalChannel"
    },
    "name": "[[B"
  },
  {
    "condition": {
      "typeReachable": "io.netty.channel.nio.NioEventLoop"
    },
    "name": "[[B"
  },
  {
    "condition": {
      "typeReachable": "io.netty.channel.oio.AbstractOioByteChannel"
    },
    "name": "[[B"
  },
  {
    "condition": {
      "typeReachable": "io.netty.handler.ssl.SslHandler$SslEngineType$2"
    },
    "name": "[[B"
  },
  {
    "condition": {
      "typeReachable": "io.netty.internal.tcnative.SSL"
    },
    "name": "[[B"
  },
  {
    "condition": {
      "typeReachable": "io.netty.util.concurrent.FastThreadLocalRunnable"
    },
    "name": "[[B"
  },
  {
    "condition": {
      "typeReachable": "io.netty.channel.udt.DefaultUdtChannelConfig"
    },
    "name": "com.barchart.udt.LingerUDT",
    "methods": [
      {
        "name": "intValue",
        "parameterTypes": []
      }
    ]
  },
  {
    "condition": {
      "typeReachable": "io.netty.handler.codec.compression.ZstdEncoder"
    },
    "name": "com.github.luben.zstd.ZstdCompressCtx",
    "fields": [
      {
        "name": "nativePtr"
      }
    ]
  },
  {
    "condition": {
      "typeReachable": "io.netty.channel.epoll.Native"
    },
    "name": "io.netty.channel.ChannelException"
  },
  {
    "condition": {
      "typeReachable":"io.netty.channel.kqueue.Native"
    },
    "name": "io.netty.channel.ChannelException"
  },
  {
    "condition": {
      "typeReachable": "io.netty.channel.epoll.Native"
    },
    "name": "io.netty.channel.unix.Buffer"
  },
  {
    "condition": {
      "typeReachable":"io.netty.channel.kqueue.Native"
    },
    "name": "io.netty.channel.unix.Buffer"
  },
  {
    "condition": {
      "typeReachable": "io.netty.channel.epoll.Native"
    },
    "name": "io.netty.channel.unix.DatagramSocketAddress",
    "methods": [
      {
        "name": "<init>",
        "parameterTypes": [
          "byte[]",
          "int",
          "int",
          "int",
          "io.netty.channel.unix.DatagramSocketAddress"
        ]
      }
    ]
  },
  {
    "condition": {
      "typeReachable":"io.netty.channel.kqueue.Native"
    },
    "name": "io.netty.channel.unix.DatagramSocketAddress",
    "methods": [
      {
        "name":"<init>",
        "parameterTypes": [
          "byte[]",
          "int",
          "int",
          "int",
          "io.netty.channel.unix.DatagramSocketAddress"
        ]
      }
    ]
  },
  {
    "condition": {
      "typeReachable": "io.netty.channel.epoll.Native"
    },
    "name": "io.netty.channel.unix.DomainDatagramSocketAddress",
    "methods": [
      {
        "name": "<init>",
        "parameterTypes": [
          "byte[]",
          "int",
          "io.netty.channel.unix.DomainDatagramSocketAddress"
        ]
      }
    ]
  },
  {
    "condition": {
      "typeReachable":"io.netty.channel.kqueue.Native"
    },
    "name": "io.netty.channel.unix.DomainDatagramSocketAddress",
    "methods": [
      {
        "name":"<init>",
        "parameterTypes": [
          "byte[]",
          "int",
          "io.netty.channel.unix.DomainDatagramSocketAddress"
        ]
      }
    ]
  },
  {
    "condition": {
      "typeReachable": "io.netty.channel.epoll.Native"
    },
    "name": "io.netty.channel.unix.ErrorsStaticallyReferencedJniMethods"
  },
  {
    "condition": {
      "typeReachable":"io.netty.channel.kqueue.Native"
    },
    "name": "io.netty.channel.unix.ErrorsStaticallyReferencedJniMethods"
  },
  {
    "condition": {
      "typeReachable": "io.netty.channel.epoll.Native"
    },
    "name": "io.netty.channel.unix.FileDescriptor"
  },
  {
    "condition": {
      "typeReachable":"io.netty.channel.kqueue.Native"
    },
    "name": "io.netty.channel.unix.FileDescriptor"
  },
  {
    "condition": {
      "typeReachable": "io.netty.channel.epoll.Native"
    },
    "name": "io.netty.channel.unix.LimitsStaticallyReferencedJniMethods"
  },
  {
    "condition": {
      "typeReachable":"io.netty.channel.kqueue.Native"
    },
    "name": "io.netty.channel.unix.LimitsStaticallyReferencedJniMethods"
  },
  {
    "condition": {
      "typeReachable": "io.netty.channel.epoll.Native"
    },
    "name": "io.netty.channel.unix.Socket"
  },
  {
    "condition": {
      "typeReachable":"io.netty.channel.kqueue.Native"
    },
    "name": "io.netty.channel.unix.Socket"
  },
  {
    "condition": {
      "typeReachable": "io.netty.handler.ssl.ReferenceCountedOpenSslClientContext$OpenSslClientSessionContext"
    },
    "name": "io.netty.handler.ssl.OpenSslClientSessionCache"
  },
  {
    "condition": {
      "typeReachable": "io.netty.internal.tcnative.SSLContext"
    },
    "name": "io.netty.handler.ssl.OpenSslSessionCache",
    "methods": [
      {
        "name": "getSession",
        "parameterTypes": [
          "long",
          "byte[]"
        ]
      },
      {
        "name": "sessionCreated",
        "parameterTypes": [
          "long",
          "long"
        ]
      }
    ]
  },
  {
    "condition": {
      "typeReachable": "io.netty.handler.ssl.ReferenceCountedOpenSslClientContext"
    },
    "name": "io.netty.handler.ssl.ReferenceCountedOpenSslClientContext$ExtendedTrustManagerVerifyCallback"
  },
  {
    "condition": {
      "typeReachable": "io.netty.internal.tcnative.SSLContext"
    },
    "name": "io.netty.handler.ssl.ReferenceCountedOpenSslContext$AbstractCertificateVerifier",
    "methods": [
      {
        "name": "verify",
        "parameterTypes": [
          "long",
          "byte[][]",
          "java.lang.String"
        ]
      }
    ]
  },
  {
    "condition": {
      "typeReachable": "io.netty.handler.ssl.ReferenceCountedOpenSslServerContext"
    },
    "name": "io.netty.handler.ssl.ReferenceCountedOpenSslServerContext$ExtendedTrustManagerVerifyCallback"
  },
  {
    "condition": {
      "typeReachable": "io.netty.handler.ssl.ReferenceCountedOpenSslServerContext"
    },
    "name": "io.netty.handler.ssl.ReferenceCountedOpenSslServerContext$OpenSslServerCertificateCallback",
    "methods": [
      {
        "name": "handle",
        "parameterTypes": [
          "long",
          "byte[]",
          "byte[][]"
        ]
      }
    ]
  },
  {
    "condition": {
      "typeReachable": "io.netty.internal.tcnative.SSLContext"
    },
    "name": "io.netty.handler.ssl.ReferenceCountedOpenSslServerContext$OpenSslSniHostnameMatcher",
    "methods": [
      {
        "name": "match",
        "parameterTypes": [
          "long",
          "java.lang.String"
        ]
      }
    ]
  },
  {
    "condition": {
      "typeReachable": "io.netty.channel.epoll.Native"
    },
    "name": "java.io.IOException"
  },
  {
    "condition": {
      "typeReachable": "io.netty.channel.AbstractChannel"
    },
    "name": "java.lang.Boolean",
    "methods": [
      {
        "name": "getBoolean",
        "parameterTypes": [
          "java.lang.String"
        ]
      }
    ]
  },
  {
    "condition": {
      "typeReachable": "io.netty.channel.udt.DefaultUdtChannelConfig"
    },
    "name": "java.lang.Boolean",
    "methods": [
      {
        "name": "booleanValue",
        "parameterTypes": []
      }
    ]
  },
  {
    "condition": {
      "typeReachable": "io.netty.channel.udt.nio.NioUdtAcceptorChannel"
    },
    "name": "java.lang.Boolean",
    "methods": [
      {
        "name": "booleanValue",
        "parameterTypes": []
      }
    ]
  },
  {
    "condition": {
      "typeReachable": "io.netty.channel.udt.nio.NioUdtByteConnectorChannel"
    },
    "name": "java.lang.Boolean",
    "methods": [
      {
        "name": "booleanValue",
        "parameterTypes": []
      }
    ]
  },
  {
    "condition": {
      "typeReachable": "io.netty.channel.udt.nio.NioUdtMessageConnectorChannel"
    },
    "name": "java.lang.Boolean",
    "methods": [
      {
        "name": "booleanValue",
        "parameterTypes": []
      }
    ]
  },
  {
    "condition": {
      "typeReachable": "io.netty.channel.udt.nio.NioUdtProvider"
    },
    "name": "java.lang.Boolean",
    "methods": [
      {
        "name": "booleanValue",
        "parameterTypes": []
      }
    ]
  },
  {
    "condition": {
      "typeReachable": "io.netty.util.AsciiString"
    },
    "name": "java.lang.Boolean",
    "methods": [
      {
        "name": "getBoolean",
        "parameterTypes": [
          "java.lang.String"
        ]
      }
    ]
  },
  {
    "condition": {
      "typeReachable": "io.netty.util.ResourceLeakDetector"
    },
    "name": "java.lang.Boolean",
    "methods": [
      {
        "name": "getBoolean",
        "parameterTypes": [
          "java.lang.String"
        ]
      }
    ]
  },
  {
    "condition": {
      "typeReachable": "io.netty.util.concurrent.AbstractEventExecutor"
    },
    "name": "java.lang.Boolean",
    "methods": [
      {
        "name": "getBoolean",
        "parameterTypes": [
          "java.lang.String"
        ]
      }
    ]
  },
  {
    "condition": {
      "typeReachable": "io.netty.util.concurrent.UnorderedThreadPoolEventExecutor"
    },
    "name": "java.lang.Boolean",
    "methods": [
      {
        "name": "getBoolean",
        "parameterTypes": [
          "java.lang.String"
        ]
      }
    ]
  },
  {
    "condition": {
      "typeReachable": "io.netty.util.internal.SocketUtils$5"
    },
    "name": "java.lang.Boolean",
    "methods": [
      {
        "name": "booleanValue",
        "parameterTypes": []
      }
    ]
  },
  {
    "condition": {
      "typeReachable": "io.netty.internal.tcnative.SSLContext"
    },
    "name": "java.lang.Exception",
    "methods": [
      {
        "name": "<init>",
        "parameterTypes": [
          "java.lang.String"
        ]
      }
    ]
  },
  {
    "condition": {
      "typeReachable": "io.netty.channel.udt.DefaultUdtChannelConfig"
    },
    "name": "java.lang.Integer",
    "methods": [
      {
        "name": "intValue",
        "parameterTypes": []
      }
    ]
  },
  {
    "condition": {
      "typeReachable": "io.netty.channel.epoll.Native"
    },
    "name": "java.lang.OutOfMemoryError"
  },
  {
    "condition": {
      "typeReachable": "io.netty.channel.epoll.Native"
    },
    "name": "java.lang.RuntimeException"
  },
  {
    "condition": {
      "typeReachable": "io.netty.channel.epoll.Native"
    },
    "name": "java.net.InetSocketAddress",
    "methods": [
      {
        "name": "<init>",
        "parameterTypes": [
          "java.lang.String",
          "int"
        ]
      }
    ]
  },
  {
    "condition": {
      "typeReachable": "io.netty.channel.epoll.Native"
    },
    "name": "java.net.PortUnreachableException"
  },
  {
    "condition": {
      "typeReachable": "io.netty.channel.epoll.Native"
    },
    "name": "java.nio.Buffer",
    "fields": [
      {
        "name": "limit"
      },
      {
        "name": "position"
      }
    ],
    "methods": [
      {
        "name": "limit",
        "parameterTypes": []
      },
      {
        "name": "position",
        "parameterTypes": []
      }
    ]
  },
  {
    "condition": {
      "typeReachable": "io.netty.channel.epoll.Native"
    },
    "name": "java.nio.DirectByteBuffer"
  },
  {
    "condition": {
      "typeReachable": "io.netty.channel.epoll.Native"
    },
    "name": "java.nio.channels.ClosedChannelException",
    "methods": [
      {
        "name": "<init>",
        "parameterTypes": []
      }
    ]
  },
  {
    "condition": {
      "typeReachable": "io.netty.channel.nio.NioEventLoop"
    },
    "name": "javax.net.ssl.SSLProtocolException",
    "methods": [
      {
        "name": "<init>",
        "parameterTypes": [
          "java.lang.String"
        ]
      }
    ]
  },
  {
    "condition": {
      "typeReachable": "io.netty.handler.ssl.SslHandler$SslEngineType$2"
    },
    "name": "javax.net.ssl.SSLProtocolException",
    "methods": [
      {
        "name": "<init>",
        "parameterTypes": [
          "java.lang.String"
        ]
      }
    ]
  },
  {
    "condition": {
      "typeReachable": "io.netty.channel.nio.NioEventLoop"
    },
    "name": "org.conscrypt.ConscryptEngine",
    "methods": [
      {
        "name": "clientCertificateRequested",
        "parameterTypes": [
          "byte[]",
          "int[]",
          "byte[][]"
        ]
      },
      {
        "name": "onNewSessionEstablished",
        "parameterTypes": [
          "long"
        ]
      },
      {
        "name": "onSSLStateChange",
        "parameterTypes": [
          "int",
          "int"
        ]
      },
      {
        "name": "serverCertificateRequested",
        "parameterTypes": []
      },
      {
        "name": "verifyCertificateChain",
        "parameterTypes": [
          "byte[][]",
          "java.lang.String"
        ]
      }
    ]
  },
  {
    "condition": {
      "typeReachable": "io.netty.handler.ssl.JdkSslEngine"
    },
    "name": "org.conscrypt.ConscryptEngine",
    "methods": [
      {
        "name": "onSSLStateChange",
        "parameterTypes": [
          "int",
          "int"
        ]
      }
    ]
  },
  {
    "condition": {
      "typeReachable": "io.netty.handler.ssl.SslHandler$SslEngineType$2"
    },
    "name": "org.conscrypt.ConscryptEngine",
    "methods": [
      {
        "name": "onNewSessionEstablished",
        "parameterTypes": [
          "long"
        ]
      },
      {
        "name": "onSSLStateChange",
        "parameterTypes": [
          "int",
          "int"
        ]
      },
      {
        "name": "serverCertificateRequested",
        "parameterTypes": []
      },
      {
        "name": "verifyCertificateChain",
        "parameterTypes": [
          "byte[][]",
          "java.lang.String"
        ]
      }
    ]
  },
  {
    "condition": {
      "typeReachable": "io.netty.resolver.dns.macos.MacOSDnsServerAddressStreamProvider"
    },
    "name": "[Lio.netty.resolver.dns.macos.DnsResolver;"
  },
  {
    "condition": {
      "typeReachable": "io.netty.resolver.dns.macos.MacOSDnsServerAddressStreamProvider"
    },
    "name": "[Ljava.lang.String;"
  },
  {
    "condition": {
      "typeReachable": "io.netty.resolver.dns.macos.MacOSDnsServerAddressStreamProvider"
    },
    "name": "[[B"
  },
  {
    "condition": {
      "typeReachable": "io.netty.util.internal.NativeLibraryUtil"
    },
    "name": "io.netty.resolver.dns.macos.DnsResolver",
    "methods": [
      {
        "name": "<init>",
        "parameterTypes": [
          "java.lang.String",
          "byte[][]",
          "int",
          "java.lang.String[]",
          "java.lang.String",
          "int",
          "int"
        ]
      }
    ]
  },
  {
    "condition": {
      "typeReachable": "io.netty.util.internal.NativeLibraryUtil"
    },
    "name": "io.netty.resolver.dns.macos.MacOSDnsServerAddressStreamProvider"
  },
  {
    "condition": {
      "typeReachable":"io.netty.util.internal.NativeLibraryUtil"
    },
    "name": "io.netty.channel.DefaultFileRegion",
    "fields": [
      {
        "name":"file"
      },
      {
        "name":"transferred"
      }
    ]
  },
  {
    "condition": {
      "typeReachable":"io.netty.util.internal.NativeLibraryUtil"
    },
    "name": "io.netty.channel.kqueue.BsdSocket"
  },
  {
    "condition": {
      "typeReachable":"io.netty.util.internal.NativeLibraryUtil"
    },
    "name": "io.netty.channel.kqueue.KQueueEventArray"
  },
  {
    "condition": {
      "typeReachable":"io.netty.util.internal.NativeLibraryUtil"
    },
    "name": "io.netty.channel.kqueue.KQueueStaticallyReferencedJniMethods"
  },
  {
    "condition": {
      "typeReachable":"io.netty.util.internal.NativeLibraryUtil"
    },
    "name": "io.netty.channel.kqueue.Native"
  },
  {
    "condition": {
      "typeReachable":"io.netty.util.internal.NativeLibraryUtil"
    },
    "name": "io.netty.channel.unix.PeerCredentials",
    "methods": [
      {
        "name":"<init>",
        "parameterTypes": [
          "int",
          "int",
          "int[]"
        ]
      }
    ]
  }
]
