[
  {
    "name": "org.jctools.queues.BaseSpscLinkedArrayQueueConsumerField",
    "fields": [
      {
        "name": "consumerIndex"
      }
    ],
    "condition": {
      "typeReachable": "org.jctools.queues.BaseSpscLinkedArrayQueueConsumerField"
    }
  },
  {
    "name": "org.jctools.queues.BaseSpscLinkedArrayQueueProducerFields",
    "fields": [
      {
        "name": "producerIndex"
      }
    ],
    "condition": {
      "typeReachable": "org.jctools.queues.BaseSpscLinkedArrayQueueProducerFields"
    }
  }
]
