[
  {
    "name": "org.flywaydb.core.api.migration.baseline.BaselineMigrationConfigurationExtension",
    "condition": {
      "typeReachable": "org.flywaydb.core.internal.plugin.PluginRegister"
    },
    "allPublicConstructors": true,
    "allPublicMethods": true
  },
  {
    "name": "org.flywaydb.core.extensibility.ConfigurationExtension",
    "condition": {
      "typeReachable": "org.flywaydb.core.internal.plugin.PluginRegister"
    },
    "allPublicMethods": true
  },
  {
    "name": "org.flywaydb.core.extensibility.Plugin",
    "condition": {
      "typeReachable": "org.flywaydb.core.internal.plugin.PluginRegister"
    },
    "allPublicMethods": true
  },
  {
    "name": "org.flywaydb.core.internal.command.clean.CleanModeConfigurationExtension",
    "condition": {
      "typeReachable": "org.flywaydb.core.internal.plugin.PluginRegister"
    },
    "allPublicConstructors": true,
    "allPublicMethods": true
  },
  {
    "name": "org.flywaydb.core.internal.logging.slf4j.Slf4jLogCreator",
    "condition": {
      "typeReachable": "org.slf4j.Logger"
    },
    "allPublicConstructors": true
  },
  {
    "name": "org.flywaydb.core.internal.logging.log4j2.Log4j2LogCreator",
    "condition": {
      "typeReachable": "org.apache.logging.log4j.Logger"
    },
    "allPublicConstructors": true
  },
  {
    "name": "org.flywaydb.core.internal.logging.apachecommons.ApacheCommonsLogCreator",
    "condition": {
      "typeReachable": "org.apache.commons.logging.Log"
    },
    "allPublicConstructors": true
  },
  {
    "name": "sun.security.provider.SHA2$SHA256",
    "condition": {
      "typeReachable": "org.flywaydb.core.internal.jdbc.JdbcUtils"
    },
    "methods": [
      {
        "name": "<init>",
        "parameterTypes": []
      }
    ]
  }
]
