[
  {
    "name": "ch.qos.logback.contrib.json.JsonFormatter",
    "condition": {
      "typeReachable": "ch.qos.logback.core.util.OptionHelper"
    },
    "methods": [
      {
        "name": "valueOf",
        "parameterTypes": [
          "java.lang.String"
        ]
      }
    ]
  },
  {
    "name": "ch.qos.logback.contrib.json.JsonLayoutBase",
    "condition": {
      "typeReachable": "ch.qos.logback.core.util.OptionHelper"
    },
    "methods": [
      {
        "name": "setAppendLineSeparator",
        "parameterTypes": [
          "boolean"
        ]
      },
      {
        "name": "setIncludeTimestamp",
        "parameterTypes": [
          "boolean"
        ]
      },
      {
        "name": "setJsonFormatter",
        "parameterTypes": [
          "ch.qos.logback.contrib.json.JsonFormatter"
        ]
      },
      {
        "name": "setTimestampFormat",
        "parameterTypes": [
          "java.lang.String"
        ]
      },
      {
        "name": "setTimestampFormatTimezoneId",
        "parameterTypes": [
          "java.lang.String"
        ]
      }
    ]
  },
  {
    "name": "ch.qos.logback.contrib.json.classic.JsonLayout",
    "condition": {
      "typeReachable": "ch.qos.logback.core.util.OptionHelper"
    },
    "queryAllPublicMethods": true,
    "methods": [
      {
        "name": "<init>",
        "parameterTypes": [

        ]
      },
      {
        "name": "setIncludeContextName",
        "parameterTypes": [
          "boolean"
        ]
      },
      {
        "name": "setIncludeException",
        "parameterTypes": [
          "boolean"
        ]
      },
      {
        "name": "setIncludeFormattedMessage",
        "parameterTypes": [
          "boolean"
        ]
      },
      {
        "name": "setIncludeLevel",
        "parameterTypes": [
          "boolean"
        ]
      },
      {
        "name": "setIncludeLoggerName",
        "parameterTypes": [
          "boolean"
        ]
      },
      {
        "name": "setIncludeMDC",
        "parameterTypes": [
          "boolean"
        ]
      },
      {
        "name": "setIncludeMessage",
        "parameterTypes": [
          "boolean"
        ]
      },
      {
        "name": "setIncludeThreadName",
        "parameterTypes": [
          "boolean"
        ]
      }
    ]
  }
]
